total_pegs,total_empty,total_holes,num_legal_moves,peg_ratio,mobile_pegs,immobile_pegs,jumpable_pegs,mobility_ratio,num_clusters,largest_cluster,edge_pegs,interior_pegs,avg_adjacent_pegs,avg_adjacent_empty,max_adjacent_empty,center_of_mass_r,center_of_mass_c,spread,min_pegs_reachable,max_pegs_reachable,best_move_r1,best_move_c1,best_move_r2,best_move_c2,worst_move_r1,worst_move_c1,worst_move_r2,worst_move_c2,board_rows,board_cols,board_state
4,3,7,1,0.571429,1,3,1,0.25,1,4,4,0,1.5,0.75,2,1.75,1.25,0.343949,2,2,1,1,1,3,1,1,1,3,4,4,0000000000000000000000000000000001000000000000000000000000000000000000000000000002000000000000000200000000000000010000000000000001000000000000000200000000000000000000000000000000000000000000000000000000000000020000000000000000000000000000000000000000000000
4,3,7,1,0.571429,1,3,1,0.25,2,3,4,0,1.0,1.0,2,1.5,1.25,0.522858,3,3,2,1,0,1,2,1,0,1,4,3,000000000000000001000000000000000200000000000000010000000000000002000000000000000000000000000000000000000000000002000000000000000100000000000000000000000000000002000000000000000000000000000000
4,3,7,1,0.571429,1,3,1,0.25,2,3,4,0,1.0,1.0,2,1.0,1.5,0.558057,3,3,0,2,0,0,0,2,0,0,4,3,010000000000000002000000000000000200000000000000000000000000000001000000000000000200000000000000000000000000000001000000000000000000000000000000000000000000000002000000000000000000000000000000
7,3,10,3,0.7,3,4,2,0.428571,2,4,6,1,1.714286,0.857143,2,1.0,2.571429,0.451295,4,6,1,4,1,2,0,3,2,3,3,5,000000000000000000000000000000000000000000000000020000000000000002000000000000000100000000000000020000000000000001000000000000000200000000000000020000000000000000000000000000000200000000000000020000000000000001000000000000000000000000000000
9,1,10,1,0.9,1,8,1,0.111111,1,9,8,1,2.0,0.222222,1,1.666667,2.0,0.544664,3,4,3,3,3,1,3,3,3,1,4,4,0000000000000000000000000000000002000000000000000200000000000000000000000000000000000000000000000200000000000000000000000000000002000000000000000200000000000000020000000000000002000000000000000000000000000000010000000000000002000000000000000200000000000000
9,1,10,1,0.9,1,8,1,0.111111,2,8,8,1,1.777778,0.333333,1,2.0,1.111111,0.576293,3,7,2,0,2,2,2,0,2,2,5,4,00000000000000000200000000000000000000000000000000000000000000000200000000000000020000000000000000000000000000000000000000000000020000000000000002000000000000000100000000000000020000000000000000000000000000000200000000000000020000000000000000000000000000000000000000000000020000000000000000000000000000000000000000000000
7,3,10,2,0.7,2,5,2,0.285714,1,7,6,1,1.714286,0.714286,1,1.857143,1.571429,0.445082,1,3,1,2,1,0,1,2,1,0,5,4,00000000000000000200000000000000000000000000000000000000000000000100000000000000020000000000000002000000000000000000000000000000000000000000000002000000000000000100000000000000000000000000000000000000000000000200000000000000020000000000000002000000000000000000000000000000010000000000000000000000000000000000000000000000
7,3,10,1,0.7,1,6,1,0.142857,1,7,6,1,2.285714,0.142857,1,1.714286,0.428571,0.423318,4,4,2,0,2,2,2,0,2,2,4,4,0200000000000000000000000000000000000000000000000000000000000000020000000000000002000000000000000000000000000000000000000000000002000000000000000200000000000000010000000000000001000000000000000200000000000000020000000000000000000000000000000100000000000000
9,2,11,2,0.818182,2,7,2,0.222222,1,9,9,0,1.777778,0.333333,1,2.444444,0.888889,0.578181,3,5,1,0,3,0,1,0,3,0,5,4,02000000000000000000000000000000000000000000000000000000000000000200000000000000000000000000000000000000000000000000000000000000020000000000000002000000000000000200000000000000010000000000000001000000000000000000000000000000020000000000000000000000000000000200000000000000020000000000000002000000000000000000000000000000
8,3,11,3,0.727273,3,5,3,0.375,2,7,7,1,2.0,0.625,1,1.0,2.0,0.588352,2,5,1,3,1,1,2,3,2,1,3,5,000000000000000002000000000000000200000000000000020000000000000000000000000000000000000000000000010000000000000002000000000000000200000000000000000000000000000002000000000000000100000000000000020000000000000002000000000000000100000000000000
9,2,11,2,0.818182,2,7,2,0.222222,1,9,8,1,2.0,0.444444,1,1.888889,1.666667,0.484247,3,7,2,3,2,1,2,3,2,1,4,5,00000000000000000000000000000000020000000000000000000000000000000000000000000000000000000000000000000000000000000200000000000000020000000000000000000000000000000200000000000000010000000000000002000000000000000200000000000000010000000000000002000000000000000200000000000000020000000000000000000000000000000000000000000000
9,2,11,2,0.818182,2,7,2,0.222222,3,7,9,0,1.555556,0.666667,2,1.888889,1.111111,0.727349,4,4,1,2,3,2,1,2,3,2,5,3,020000000000000002000000000000000000000000000000000000000000000002000000000000000200000000000000000000000000000002000000000000000200000000000000000000000000000002000000000000000100000000000000020000000000000001000000000000000200000000000000
5,3,8,2,0.625,2,3,2,0.4,3,3,5,0,0.8,1.0,2,1.0,1.8,0.547214,3,4,1,3,1,1,1,2,1,4,3,5,010000000000000000000000000000000000000000000000020000000000000000000000000000000200000000000000010000000000000002000000000000000200000000000000010000000000000000000000000000000200000000000000000000000000000000000000000000000000000000000000
5,3,8,1,0.625,1,4,1,0.2,2,3,5,0,1.2,0.8,2,1.2,1.6,0.46412,4,4,2,1,0,1,2,1,0,1,3,4,000000000000000001000000000000000100000000000000020000000000000000000000000000000200000000000000010000000000000002000000000000000200000000000000020000000000000000000000000000000000000000000000
5,3,8,1,0.625,1,4,1,0.2,2,4,5,0,1.2,1.2,3,0.4,1.6,0.457947,3,3,0,2,0,0,0,2,0,0,3,4,010000000000000002000000000000000200000000000000020000000000000002000000000000000100000000000000020000000000000000000000000000000100000000000000000000000000000000000000000000000000000000000000
5,3,8,1,0.625,1,4,1,0.2,4,2,5,0,0.4,1.4,3,1.2,1.4,0.547973,2,2,0,3,0,1,0,3,0,1,4,4,0000000000000000010000000000000002000000000000000200000000000000000000000000000002000000000000000100000000000000000000000000000002000000000000000100000000000000000000000000000000000000000000000000000000000000020000000000000000000000000000000000000000000000
7,1,8,1,0.875,1,6,1,0.142857,1,7,7,0,2.0,0.285714,1,1.428571,1.142857,0.470107,2,2,2,0,0,0,2,0,0,0,3,4,010000000000000002000000000000000000000000000000000000000000000002000000000000000200000000000000000000000000000000000000000000000200000000000000020000000000000002000000000000000200000000000000
8,1,9,1,0.888889,1,7,1,0.125,1,8,6,2,2.25,0.25,1,1.75,1.25,0.416095,2,5,1,2,1,0,1,2,1,0,4,3,000000000000000002000000000000000000000000000000010000000000000002000000000000000200000000000000020000000000000002000000000000000200000000000000000000000000000002000000000000000200000000000000
7,2,9,1,0.777778,1,6,1,0.142857,2,6,7,0,1.428571,0.428571,1,1.0,2.857143,0.914194,5,5,1,2,1,0,1,2,1,0,3,6,000000000000000000000000000000000000000000000000010000000000000000000000000000000200000000000000010000000000000002000000000000000200000000000000020000000000000002000000000000000200000000000000020000000000000000000000000000000000000000000000000000000000000000000000000000000000000000000000
7,2,9,1,0.777778,1,6,1,0.142857,2,6,6,1,1.714286,0.571429,1,1.0,2.0,0.622108,2,2,0,2,2,2,0,2,2,2,3,4,000000000000000000000000000000000200000000000000020000000000000000000000000000000200000000000000020000000000000002000000000000000200000000000000010000000000000001000000000000000200000000000000
7,2,9,2,0.777778,2,5,2,0.285714,4,4,7,0,0.857143,0.714286,1,1.0,1.428571,0.609203,4,6,0,2,2,2,1,2,1,0,4,4,0200000000000000000000000000000002000000000000000200000000000000010000000000000002000000000000000200000000000000000000000000000002000000000000000000000000000000010000000000000000000000000000000000000000000000000000000000000002000000000000000000000000000000
9,3,12,3,0.75,3,6,3,0.333333,4,5,8,1,1.111111,1.111111,3,1.777778,1.888889,0.61389,2,5,0,1,2,1,0,1,2,1,4,5,00000000000000000200000000000000000000000000000000000000000000000000000000000000000000000000000002000000000000000200000000000000020000000000000000000000000000000000000000000000010000000000000002000000000000000100000000000000020000000000000002000000000000000200000000000000010000000000000002000000000000000000000000000000
9,3,12,2,0.75,2,7,2,0.222222,2,8,8,1,1.555556,0.666667,2,1.888889,1.777778,0.536726,2,6,0,2,2,2,0,2,2,2,4,5,00000000000000000000000000000000020000000000000000000000000000000000000000000000000000000000000002000000000000000200000000000000020000000000000000000000000000000000000000000000020000000000000001000000000000000100000000000000000000000000000002000000000000000200000000000000020000000000000001000000000000000200000000000000
10,2,12,3,0.833333,3,7,3,0.3,1,10,9,1,1.8,0.5,1,1.6,1.8,0.577072,4,9,2,2,2,0,1,2,3,2,4,4,0000000000000000020000000000000002000000000000000200000000000000000000000000000000000000000000000200000000000000000000000000000001000000000000000200000000000000020000000000000002000000000000000200000000000000020000000000000001000000000000000200000000000000
11,1,12,2,0.916667,2,9,2,0.181818,3,8,10,1,1.818182,0.363636,1,2.727273,1.545455,0.622271,4,7,0,2,2,2,4,2,2,2,5,4,00000000000000000000000000000000020000000000000000000000000000000000000000000000000000000000000002000000000000000000000000000000000000000000000002000000000000000100000000000000020000000000000002000000000000000200000000000000020000000000000000000000000000000200000000000000020000000000000002000000000000000200000000000000
10,2,12,2,0.833333,2,8,2,0.2,2,9,8,2,1.6,0.7,1,1.9,1.3,0.569641,3,6,1,1,3,1,1,1,3,1,5,4,00000000000000000200000000000000020000000000000000000000000000000000000000000000020000000000000001000000000000000000000000000000020000000000000002000000000000000200000000000000020000000000000002000000000000000100000000000000020000000000000000000000000000000000000000000000020000000000000000000000000000000000000000000000
12,1,13,1,0.923077,1,11,1,0.083333,1,12,10,2,2.333333,0.083333,1,2.583333,2.083333,0.645417,4,8,2,2,0,2,2,2,0,2,6,5,000000000000000000000000000000000100000000000000000000000000000000000000000000000200000000000000020000000000000002000000000000000000000000000000000000000000000000000000000000000200000000000000020000000000000002000000000000000000000000000000000000000000000000000000000000000200000000000000020000000000000002000000000000000000000000000000000000000000000002000000000000000200000000000000000000000000000000000000000000000000000000000000020000000000000000000000000000000000000000000000
12,1,13,1,0.923077,1,11,1,0.083333,1,12,10,2,2.333333,0.083333,1,1.916667,2.416667,0.682417,2,8,1,2,1,4,1,2,1,4,4,6,000000000000000000000000000000000000000000000000020000000000000000000000000000000000000000000000000000000000000002000000000000000200000000000000020000000000000001000000000000000000000000000000020000000000000002000000000000000200000000000000020000000000000000000000000000000000000000000000000000000000000000000000000000000200000000000000020000000000000002000000000000000200000000000000
10,3,13,4,0.769231,4,6,4,0.4,1,10,7,3,2.2,0.7,1,1.6,1.5,0.491024,1,7,2,0,0,0,1,1,3,1,4,4,0100000000000000020000000000000000000000000000000000000000000000020000000000000002000000000000000200000000000000020000000000000002000000000000000200000000000000020000000000000001000000000000000000000000000000010000000000000002000000000000000200000000000000
11,2,13,4,0.846154,4,7,3,0.363636,1,11,10,1,2.0,0.636364,2,1.0,1.727273,0.55998,2,6,0,2,2,2,1,3,1,1,3,5,020000000000000002000000000000000200000000000000020000000000000000000000000000000200000000000000010000000000000002000000000000000200000000000000000000000000000002000000000000000200000000000000010000000000000002000000000000000200000000000000
10,3,13,5,0.769231,5,5,3,0.5,2,6,7,3,1.8,0.7,2,1.9,1.5,0.482319,2,8,1,0,3,0,1,1,3,1,5,4,00000000000000000200000000000000000000000000000000000000000000000200000000000000020000000000000002000000000000000000000000000000020000000000000002000000000000000100000000000000020000000000000001000000000000000100000000000000020000000000000002000000000000000000000000000000000000000000000002000000000000000000000000000000
13,1,14,1,0.928571,1,12,1,0.076923,2,12,10,3,2.153846,0.307692,1,1.923077,1.769231,0.59451,2,10,2,1,2,3,2,1,2,3,5,5,0000000000000000020000000000000002000000000000000000000000000000000000000000000000000000000000000200000000000000020000000000000002000000000000000000000000000000000000000000000002000000000000000200000000000000010000000000000002000000000000000200000000000000020000000000000002000000000000000200000000000000000000000000000000000000000000000200000000000000000000000000000000000000000000000000000000000000
12,2,14,1,0.857143,1,11,1,0.083333,1,12,9,3,2.333333,0.5,2,1.416667,1.833333,0.436756,2,10,0,2,2,2,0,2,2,2,4,4,0000000000000000020000000000000002000000000000000200000000000000020000000000000002000000000000000200000000000000020000000000000001000000000000000200000000000000010000000000000002000000000000000000000000000000020000000000000002000000000000000200000000000000
13,1,14,2,0.928571,2,11,2,0.153846,1,13,10,3,2.307692,0.307692,1,2.0,1.307692,0.55769,2,7,1,3,1,1,1,3,1,1,5,4,00000000000000000200000000000000020000000000000000000000000000000200000000000000010000000000000002000000000000000200000000000000020000000000000002000000000000000200000000000000000000000000000002000000000000000200000000000000020000000000000000000000000000000000000000000000020000000000000002000000000000000000000000000000
13,1,14,1,0.928571,1,12,1,0.076923,1,13,9,4,2.461538,0.230769,1,1.461538,2.384615,0.545636,2,8,2,3,0,3,2,3,0,3,4,5,00000000000000000000000000000000020000000000000001000000000000000200000000000000020000000000000002000000000000000200000000000000020000000000000002000000000000000000000000000000020000000000000002000000000000000200000000000000020000000000000000000000000000000000000000000000020000000000000002000000000000000000000000000000
12,3,15,3,0.8,3,9,2,0.25,2,11,8,4,2.166667,0.583333,2,2.666667,1.583333,0.636913,1,7,2,2,2,0,2,2,2,0,6,4,000000000000000002000000000000000000000000000000000000000000000000000000000000000100000000000000020000000000000000000000000000000100000000000000020000000000000002000000000000000200000000000000020000000000000002000000000000000200000000000000020000000000000000000000000000000200000000000000020000000000000000000000000000000000000000000000020000000000000001000000000000000000000000000000
14,1,15,1,0.933333,1,13,1,0.071429,1,14,11,3,2.571429,0.142857,1,2.0,1.357143,0.660576,2,8,2,1,4,1,2,1,4,1,5,5,0000000000000000020000000000000002000000000000000000000000000000000000000000000002000000000000000200000000000000020000000000000000000000000000000000000000000000020000000000000002000000000000000200000000000000000000000000000000000000000000000200000000000000020000000000000002000000000000000200000000000000020000000000000002000000000000000100000000000000000000000000000000000000000000000000000000000000
13,2,15,3,0.866667,3,10,3,0.230769,1,13,10,3,2.461538,0.384615,1,1.923077,2.230769,0.626793,1,9,2,3,2,1,1,2,1,4,4,5,00000000000000000000000000000000020000000000000002000000000000000000000000000000000000000000000000000000000000000200000000000000020000000000000001000000000000000200000000000000010000000000000002000000000000000200000000000000020000000000000002000000000000000200000000000000020000000000000002000000000000000200000000000000
12,3,15,4,0.8,4,8,4,0.333333,1,12,7,5,2.5,0.333333,1,2.333333,1.833333,0.528418,2,10,1,2,1,0,1,2,1,0,5,5,0000000000000000000000000000000001000000000000000000000000000000000000000000000001000000000000000200000000000000020000000000000002000000000000000000000000000000000000000000000002000000000000000200000000000000020000000000000002000000000000000200000000000000020000000000000002000000000000000100000000000000000000000000000000000000000000000200000000000000020000000000000000000000000000000000000000000000
14,1,15,2,0.933333,2,12,2,0.142857,1,14,11,3,2.428571,0.285714,1,1.714286,1.285714,0.5359,1,8,1,0,1,2,1,0,1,2,5,4,02000000000000000200000000000000020000000000000000000000000000000200000000000000020000000000000001000000000000000200000000000000020000000000000002000000000000000200000000000000020000000000000002000000000000000200000000000000020000000000000000000000000000000000000000000000000000000000000002000000000000000000000000000000
15,1,16,1,0.9375,1,14,1,0.066667,1,15,13,2,2.266667,0.133333,1,2.466667,1.666667,0.730033,5,9,1,1,1,3,1,1,1,3,6,5,000000000000000000000000000000000200000000000000000000000000000000000000000000000200000000000000020000000000000002000000000000000100000000000000000000000000000000000000000000000200000000000000020000000000000002000000000000000200000000000000000000000000000002000000000000000200000000000000000000000000000002000000000000000200000000000000020000000000000002000000000000000000000000000000000000000000000002000000000000000000000000000000000000000000000000000000000000000000000000000000
14,2,16,2,0.875,2,12,2,0.142857,1,14,9,5,2.428571,0.214286,1,2.285714,2.071429,0.64637,1,8,1,2,1,4,1,2,1,4,6,5,000000000000000000000000000000000000000000000000020000000000000000000000000000000000000000000000020000000000000002000000000000000200000000000000010000000000000002000000000000000200000000000000020000000000000002000000000000000000000000000000000000000000000002000000000000000200000000000000020000000000000002000000000000000000000000000000000000000000000002000000000000000100000000000000000000000000000000000000000000000000000000000000020000000000000000000000000000000000000000000000
13,3,16,4,0.8125,4,9,4,0.307692,2,12,8,5,2.0,0.692308,1,2.384615,2.230769,0.621063,4,9,2,3,2,1,1,1,1,3,5,5,0000000000000000000000000000000002000000000000000000000000000000000000000000000000000000000000000200000000000000020000000000000001000000000000000000000000000000020000000000000001000000000000000200000000000000020000000000000002000000000000000000000000000000020000000000000002000000000000000200000000000000010000000000000000000000000000000000000000000000020000000000000002000000000000000200000000000000
14,2,16,3,0.875,3,11,3,0.214286,1,14,11,3,2.285714,0.357143,1,1.642857,1.857143,0.591512,1,9,0,2,2,2,1,2,1,4,5,5,0000000000000000000000000000000002000000000000000200000000000000020000000000000002000000000000000200000000000000020000000000000002000000000000000100000000000000020000000000000002000000000000000100000000000000020000000000000000000000000000000200000000000000020000000000000000000000000000000200000000000000000000000000000000000000000000000000000000000000000000000000000002000000000000000000000000000000
15,1,16,1,0.9375,1,14,1,0.066667,1,15,10,5,2.666667,0.066667,1,2.4,2.266667,0.634763,3,12,3,2,3,0,3,2,3,0,6,5,000000000000000000000000000000000200000000000000020000000000000000000000000000000000000000000000000000000000000002000000000000000200000000000000000000000000000000000000000000000200000000000000020000000000000002000000000000000200000000000000010000000000000002000000000000000200000000000000020000000000000000000000000000000000000000000000020000000000000002000000000000000200000000000000000000000000000000000000000000000000000000000000020000000000000000000000000000000000000000000000
15,2,17,4,0.882353,2,13,4,0.133333,3,13,11,4,2.0,0.533333,1,2.066667,1.666667,0.619119,5,11,1,3,3,3,1,3,3,3,5,5,0000000000000000020000000000000002000000000000000000000000000000000000000000000002000000000000000100000000000000020000000000000002000000000000000000000000000000020000000000000002000000000000000200000000000000020000000000000000000000000000000200000000000000020000000000000002000000000000000100000000000000020000000000000000000000000000000200000000000000000000000000000002000000000000000000000000000000
14,3,17,5,0.823529,5,9,5,0.357143,3,8,13,1,2.0,0.642857,2,2.214286,1.714286,0.651953,2,9,0,2,2,2,0,2,2,2,6,4,000000000000000002000000000000000200000000000000020000000000000000000000000000000200000000000000020000000000000002000000000000000000000000000000020000000000000001000000000000000200000000000000020000000000000001000000000000000200000000000000000000000000000000000000000000000200000000000000020000000000000000000000000000000100000000000000020000000000000002000000000000000000000000000000
15,2,17,3,0.882353,3,12,3,0.2,1,15,11,4,2.666667,0.2,1,1.733333,2.266667,0.730819,2,11,1,2,1,0,1,2,1,0,4,6,000000000000000002000000000000000000000000000000000000000000000000000000000000000000000000000000010000000000000002000000000000000200000000000000020000000000000002000000000000000200000000000000020000000000000002000000000000000200000000000000020000000000000002000000000000000200000000000000020000000000000002000000000000000200000000000000000000000000000001000000000000000000000000000000
14,3,17,3,0.823529,3,11,3,0.214286,2,13,10,4,2.142857,0.571429,2,1.785714,1.5,0.574015,2,10,0,1,2,1,4,1,2,1,5,5,0200000000000000020000000000000002000000000000000000000000000000000000000000000002000000000000000200000000000000020000000000000002000000000000000000000000000000000000000000000001000000000000000200000000000000010000000000000002000000000000000200000000000000020000000000000002000000000000000000000000000000000000000000000001000000000000000200000000000000020000000000000000000000000000000000000000000000
14,3,17,4,0.823529,4,10,4,0.285714,1,14,10,4,2.142857,0.714286,2,1.428571,2.0,0.533211,3,9,0,1,2,1,0,1,2,1,4,5,01000000000000000200000000000000020000000000000002000000000000000000000000000000020000000000000002000000000000000200000000000000020000000000000002000000000000000200000000000000010000000000000002000000000000000100000000000000020000000000000000000000000000000200000000000000020000000000000002000000000000000000000000000000
17,1,18,1,0.944444,1,16,1,0.058824,1,17,13,4,2.470588,0.176471,1,1.647059,2.470588,0.811589,3,12,2,2,2,0,2,2,2,0,5,6,000000000000000002000000000000000200000000000000020000000000000000000000000000000000000000000000020000000000000002000000000000000200000000000000020000000000000002000000000000000000000000000000010000000000000002000000000000000200000000000000020000000000000002000000000000000200000000000000020000000000000002000000000000000000000000000000000000000000000000000000000000000200000000000000000000000000000000000000000000000000000000000000000000000000000000000000000000000200000000000000
15,3,18,3,0.833333,3,12,3,0.2,2,14,11,4,2.266667,0.6,2,1.8,2.266667,0.680179,2,9,1,1,3,1,1,1,3,1,5,5,0000000000000000000000000000000000000000000000000200000000000000020000000000000000000000000000000200000000000000020000000000000002000000000000000200000000000000020000000000000002000000000000000200000000000000020000000000000002000000000000000200000000000000010000000000000002000000000000000100000000000000020000000000000001000000000000000200000000000000000000000000000000000000000000000000000000000000
16,2,18,5,0.888889,5,11,5,0.3125,1,16,10,6,2.5,0.3125,1,2.125,2.4375,0.638697,1,10,1,0,1,2,1,0,1,2,5,6,000000000000000000000000000000000000000000000000020000000000000000000000000000000000000000000000020000000000000002000000000000000100000000000000020000000000000002000000000000000000000000000000000000000000000002000000000000000200000000000000020000000000000002000000000000000200000000000000000000000000000002000000000000000200000000000000020000000000000002000000000000000000000000000000000000000000000002000000000000000200000000000000010000000000000000000000000000000000000000000000
17,1,18,2,0.944444,2,15,2,0.117647,1,17,12,5,2.470588,0.235294,1,1.882353,1.882353,0.707083,2,11,1,3,1,1,1,3,1,1,5,6,020000000000000002000000000000000200000000000000000000000000000000000000000000000000000000000000020000000000000001000000000000000200000000000000020000000000000000000000000000000000000000000000020000000000000002000000000000000200000000000000020000000000000002000000000000000200000000000000000000000000000002000000000000000200000000000000020000000000000000000000000000000000000000000000000000000000000002000000000000000200000000000000000000000000000000000000000000000000000000000000
15,3,18,3,0.833333,3,12,2,0.2,2,14,12,3,2.133333,0.533333,2,1.333333,2.666667,0.747112,3,11,1,3,1,1,1,5,3,5,4,6,000000000000000002000000000000000100000000000000020000000000000000000000000000000200000000000000020000000000000001000000000000000200000000000000020000000000000002000000000000000200000000000000020000000000000002000000000000000200000000000000020000000000000002000000000000000200000000000000000000000000000000000000000000000200000000000000000000000000000000000000000000000100000000000000
16,3,19,1,0.842105,1,15,1,0.0625,1,16,12,4,2.5,0.125,1,2.4375,4.1875,0.71293,4,11,4,4,4,2,4,4,4,2,6,7,000000000000000000000000000000000000000000000000000000000000000000000000000000000000000000000000020000000000000000000000000000000000000000000000000000000000000002000000000000000200000000000000000000000000000002000000000000000000000000000000000000000000000000000000000000000200000000000000020000000000000002000000000000000200000000000000000000000000000000000000000000000200000000000000020000000000000002000000000000000200000000000000020000000000000001000000000000000100000000000000010000000000000002000000000000000200000000000000000000000000000000000000000000000000000000000000000000000000000000000000000000000200000000000000000000000000000000000000000000000000000000000000
16,3,19,4,0.842105,4,12,4,0.25,1,16,11,5,2.375,0.4375,2,1.625,2.625,0.638795,1,13,2,0,2,2,0,2,2,2,5,6,000000000000000002000000000000000200000000000000020000000000000000000000000000000000000000000000000000000000000002000000000000000200000000000000020000000000000002000000000000000200000000000000020000000000000002000000000000000100000000000000020000000000000002000000000000000200000000000000000000000000000000000000000000000100000000000000020000000000000001000000000000000000000000000000000000000000000000000000000000000200000000000000020000000000000000000000000000000000000000000000
17,2,19,2,0.894737,2,15,2,0.117647,2,16,12,5,2.235294,0.294118,1,1.941176,3.176471,0.727068,3,13,3,2,1,2,2,4,4,4,5,7,00000000000000000000000000000000020000000000000000000000000000000200000000000000000000000000000000000000000000000000000000000000020000000000000001000000000000000000000000000000020000000000000002000000000000000000000000000000020000000000000002000000000000000200000000000000020000000000000002000000000000000200000000000000020000000000000000000000000000000000000000000000020000000000000002000000000000000200000000000000020000000000000000000000000000000000000000000000000000000000000000000000000000000200000000000000010000000000000000000000000000000000000000000000
16,3,19,7,0.842105,7,9,5,0.4375,2,9,12,4,2.25,0.5625,2,1.375,2.8125,0.600207,1,11,0,3,2,3,1,0,1,2,5,6,000000000000000000000000000000000200000000000000020000000000000002000000000000000200000000000000020000000000000002000000000000000100000000000000020000000000000002000000000000000200000000000000000000000000000002000000000000000200000000000000010000000000000002000000000000000200000000000000000000000000000002000000000000000200000000000000020000000000000000000000000000000000000000000000000000000000000000000000000000000100000000000000000000000000000000000000000000000000000000000000
16,3,19,4,0.842105,4,12,4,0.25,1,16,14,2,2.375,0.375,1,3.6875,2.4375,0.889777,5,12,1,3,3,3,1,3,3,3,7,5,00000000000000000000000000000000010000000000000002000000000000000000000000000000000000000000000000000000000000000000000000000000020000000000000002000000000000000000000000000000000000000000000000000000000000000200000000000000020000000000000000000000000000000000000000000000000000000000000001000000000000000200000000000000000000000000000000000000000000000200000000000000020000000000000002000000000000000200000000000000020000000000000002000000000000000200000000000000010000000000000002000000000000000200000000000000020000000000000000000000000000000000000000000000
17,3,20,3,0.85,3,14,3,0.176471,2,16,10,7,2.470588,0.352941,2,2.647059,2.470588,0.74685,2,10,2,2,0,2,2,2,0,2,6,6,020000000000000001000000000000000100000000000000000000000000000000000000000000000000000000000000000000000000000002000000000000000200000000000000020000000000000000000000000000000000000000000000000000000000000001000000000000000200000000000000020000000000000002000000000000000000000000000000000000000000000002000000000000000200000000000000020000000000000002000000000000000200000000000000000000000000000002000000000000000200000000000000020000000000000002000000000000000000000000000000000000000000000000000000000000000200000000000000000000000000000000000000000000000000000000000000
17,3,20,3,0.85,3,14,3,0.176471,2,9,15,2,2.117647,0.411765,1,2.058824,2.764706,0.698313,1,10,0,3,2,3,0,3,2,3,6,6,000000000000000000000000000000000200000000000000020000000000000002000000000000000200000000000000000000000000000000000000000000000000000000000000020000000000000002000000000000000200000000000000000000000000000002000000000000000200000000000000010000000000000002000000000000000000000000000000020000000000000002000000000000000200000000000000010000000000000002000000000000000000000000000000000000000000000000000000000000000200000000000000010000000000000000000000000000000000000000000000000000000000000000000000000000000200000000000000020000000000000000000000000000000000000000000000
19,1,20,1,0.95,1,18,1,0.052632,1,19,14,5,2.631579,0.105263,1,2.0,2.368421,0.73373,1,11,2,2,4,2,2,2,4,2,5,6,000000000000000000000000000000000000000000000000020000000000000000000000000000000000000000000000020000000000000002000000000000000200000000000000020000000000000002000000000000000200000000000000020000000000000002000000000000000200000000000000020000000000000000000000000000000200000000000000020000000000000002000000000000000200000000000000020000000000000002000000000000000200000000000000000000000000000002000000000000000100000000000000000000000000000000000000000000000000000000000000
17,3,20,5,0.85,4,13,3,0.235294,4,8,14,3,1.882353,0.588235,2,2.058824,3.588235,0.734875,5,12,0,4,2,4,2,6,2,4,5,7,00000000000000000000000000000000000000000000000000000000000000000200000000000000020000000000000000000000000000000000000000000000000000000000000000000000000000000100000000000000020000000000000002000000000000000200000000000000020000000000000002000000000000000200000000000000020000000000000001000000000000000200000000000000020000000000000000000000000000000200000000000000020000000000000000000000000000000200000000000000010000000000000002000000000000000000000000000000000000000000000002000000000000000000000000000000000000000000000002000000000000000000000000000000
18,2,20,3,0.9,3,15,3,0.166667,1,18,12,6,2.555556,0.333333,1,2.0,2.833333,0.740347,3,11,1,5,1,3,1,5,1,3,5,6,000000000000000000000000000000000000000000000000020000000000000002000000000000000200000000000000000000000000000000000000000000000200000000000000010000000000000002000000000000000200000000000000010000000000000002000000000000000200000000000000020000000000000002000000000000000200000000000000020000000000000002000000000000000200000000000000020000000000000002000000000000000000000000000000000000000000000002000000000000000200000000000000000000000000000000000000000000000000000000000000
18,3,21,6,0.857143,6,12,5,0.333333,1,18,11,7,2.555556,0.388889,2,2.111111,1.944444,0.719404,2,12,0,2,0,0,0,2,0,0,6,5,010000000000000002000000000000000200000000000000020000000000000000000000000000000000000000000000020000000000000002000000000000000200000000000000020000000000000001000000000000000200000000000000020000000000000002000000000000000200000000000000020000000000000001000000000000000200000000000000020000000000000000000000000000000200000000000000020000000000000002000000000000000000000000000000000000000000000000000000000000000200000000000000000000000000000000000000000000000000000000000000
19,2,21,5,0.904762,5,14,3,0.263158,1,19,15,4,2.105263,0.368421,2,2.631579,2.894737,0.779049,2,15,1,4,3,4,1,4,3,4,6,6,000000000000000002000000000000000000000000000000000000000000000000000000000000000000000000000000020000000000000002000000000000000200000000000000020000000000000002000000000000000000000000000000000000000000000002000000000000000200000000000000010000000000000002000000000000000200000000000000000000000000000000000000000000000200000000000000020000000000000001000000000000000200000000000000000000000000000000000000000000000000000000000000020000000000000000000000000000000200000000000000000000000000000000000000000000000200000000000000020000000000000002000000000000000200000000000000
20,1,21,1,0.952381,1,19,1,0.05,1,20,14,6,2.6,0.2,1,2.55,2.45,0.744087,1,13,3,1,1,1,3,1,1,1,6,6,000000000000000002000000000000000200000000000000000000000000000000000000000000000000000000000000020000000000000001000000000000000200000000000000000000000000000000000000000000000000000000000000020000000000000002000000000000000200000000000000020000000000000002000000000000000200000000000000000000000000000002000000000000000200000000000000020000000000000002000000000000000200000000000000000000000000000000000000000000000200000000000000020000000000000002000000000000000000000000000000000000000000000000000000000000000200000000000000020000000000000000000000000000000000000000000000
18,3,21,4,0.857143,3,15,3,0.166667,2,17,13,5,2.333333,0.333333,2,2.222222,2.444444,0.671168,2,12,2,1,4,1,2,1,4,1,6,6,000000000000000001000000000000000200000000000000000000000000000000000000000000000000000000000000000000000000000002000000000000000200000000000000020000000000000002000000000000000000000000000000020000000000000002000000000000000200000000000000020000000000000002000000000000000200000000000000000000000000000002000000000000000200000000000000000000000000000002000000000000000200000000000000020000000000000001000000000000000200000000000000020000000000000000000000000000000000000000000000000000000000000000000000000000000100000000000000000000000000000000000000000000000000000000000000
20,1,21,1,0.952381,1,19,1,0.05,1,20,13,7,2.9,0.1,1,1.75,2.7,0.646622,1,12,2,5,4,5,2,5,4,5,5,6,000000000000000002000000000000000200000000000000020000000000000002000000000000000000000000000000000000000000000002000000000000000200000000000000020000000000000002000000000000000000000000000000020000000000000002000000000000000200000000000000020000000000000002000000000000000200000000000000000000000000000002000000000000000200000000000000020000000000000002000000000000000200000000000000000000000000000000000000000000000000000000000000000000000000000002000000000000000100000000000000
19,3,22,3,0.863636,3,16,3,0.157895,1,19,10,9,2.736842,0.315789,3,2.894737,2.526316,0.664921,1,11,2,2,0,2,2,2,0,2,6,6,000000000000000000000000000000000100000000000000000000000000000000000000000000000000000000000000000000000000000001000000000000000200000000000000010000000000000002000000000000000000000000000000000000000000000002000000000000000200000000000000020000000000000002000000000000000200000000000000020000000000000002000000000000000200000000000000020000000000000002000000000000000200000000000000020000000000000002000000000000000200000000000000020000000000000002000000000000000000000000000000000000000000000000000000000000000200000000000000000000000000000000000000000000000000000000000000
21,1,22,2,0.954545,2,19,2,0.095238,1,21,13,8,2.571429,0.142857,1,3.095238,3.095238,0.811329,2,13,1,2,1,4,1,2,1,4,7,6,000000000000000000000000000000000000000000000000020000000000000002000000000000000000000000000000000000000000000000000000000000000200000000000000020000000000000001000000000000000000000000000000000000000000000000000000000000000000000000000000020000000000000002000000000000000200000000000000000000000000000000000000000000000200000000000000020000000000000002000000000000000200000000000000020000000000000002000000000000000200000000000000020000000000000002000000000000000200000000000000000000000000000000000000000000000200000000000000020000000000000002000000000000000000000000000000000000000000000000000000000000000000000000000000020000000000000000000000000000000000000000000000
19,3,22,5,0.863636,3,16,5,0.157895,2,18,12,7,2.421053,0.421053,1,2.473684,2.684211,0.701778,1,12,2,3,4,3,2,4,4,4,6,6,000000000000000000000000000000000000000000000000000000000000000002000000000000000000000000000000000000000000000002000000000000000200000000000000020000000000000002000000000000000000000000000000020000000000000001000000000000000200000000000000020000000000000002000000000000000200000000000000000000000000000002000000000000000200000000000000020000000000000002000000000000000200000000000000000000000000000002000000000000000200000000000000010000000000000001000000000000000000000000000000000000000000000000000000000000000200000000000000020000000000000000000000000000000000000000000000
21,1,22,2,0.954545,2,19,2,0.095238,1,21,14,7,2.571429,0.142857,1,3.0,1.571429,0.823328,3,13,2,2,2,0,2,2,2,0,7,5,00000000000000000200000000000000000000000000000000000000000000000000000000000000020000000000000002000000000000000200000000000000020000000000000000000000000000000100000000000000020000000000000002000000000000000200000000000000020000000000000002000000000000000200000000000000020000000000000002000000000000000000000000000000020000000000000002000000000000000200000000000000020000000000000000000000000000000000000000000000020000000000000000000000000000000000000000000000000000000000000002000000000000000200000000000000020000000000000000000000000000000000000000000000
21,1,22,1,0.954545,1,20,1,0.047619,1,21,15,6,2.761905,0.047619,1,1.857143,2.809524,0.796971,1,14,3,2,5,2,3,2,5,2,6,7,020000000000000002000000000000000200000000000000020000000000000002000000000000000000000000000000000000000000000000000000000000000000000000000000020000000000000002000000000000000200000000000000020000000000000002000000000000000000000000000000000000000000000002000000000000000200000000000000020000000000000000000000000000000000000000000000000000000000000002000000000000000200000000000000020000000000000002000000000000000000000000000000000000000000000000000000000000000200000000000000020000000000000002000000000000000200000000000000000000000000000000000000000000000000000000000000000000000000000001000000000000000000000000000000000000000000000000000000000000000000000000000000
22,1,23,2,0.956522,2,20,2,0.090909,1,22,13,9,2.909091,0.090909,1,3.090909,1.863636,0.704663,1,14,1,1,1,3,1,1,1,3,7,5,00000000000000000200000000000000000000000000000000000000000000000000000000000000000000000000000002000000000000000200000000000000010000000000000000000000000000000200000000000000020000000000000002000000000000000200000000000000020000000000000002000000000000000200000000000000020000000000000002000000000000000200000000000000020000000000000002000000000000000200000000000000020000000000000002000000000000000000000000000000020000000000000002000000000000000200000000000000000000000000000000000000000000000200000000000000000000000000000000000000000000000000000000000000
22,1,23,2,0.956522,2,20,2,0.090909,2,15,16,6,2.272727,0.181818,1,2.772727,2.590909,0.878092,2,15,3,0,3,2,3,4,3,2,6,7,020000000000000000000000000000000000000000000000000000000000000000000000000000000000000000000000000000000000000002000000000000000000000000000000000000000000000002000000000000000200000000000000000000000000000000000000000000000200000000000000000000000000000002000000000000000200000000000000020000000000000002000000000000000000000000000000020000000000000002000000000000000100000000000000020000000000000002000000000000000200000000000000020000000000000002000000000000000000000000000000020000000000000002000000000000000200000000000000020000000000000000000000000000000200000000000000000000000000000000000000000000000200000000000000000000000000000000000000000000000000000000000000
21,2,23,5,0.913043,5,16,5,0.238095,1,21,15,6,2.571429,0.238095,1,2.047619,2.761905,0.814879,1,14,0,3,2,3,0,3,2,3,5,7,02000000000000000200000000000000000000000000000002000000000000000000000000000000000000000000000000000000000000000200000000000000020000000000000002000000000000000200000000000000020000000000000000000000000000000000000000000000020000000000000002000000000000000200000000000000010000000000000002000000000000000200000000000000000000000000000001000000000000000000000000000000020000000000000002000000000000000200000000000000020000000000000000000000000000000000000000000000000000000000000000000000000000000200000000000000020000000000000002000000000000000200000000000000
21,2,23,4,0.913043,4,17,4,0.190476,1,21,13,8,2.571429,0.238095,1,2.428571,3.285714,0.778038,2,13,0,2,0,4,0,2,0,4,6,7,000000000000000000000000000000000200000000000000020000000000000001000000000000000000000000000000000000000000000000000000000000000000000000000000020000000000000002000000000000000200000000000000020000000000000000000000000000000200000000000000020000000000000002000000000000000200000000000000020000000000000001000000000000000000000000000000000000000000000000000000000000000200000000000000020000000000000002000000000000000200000000000000020000000000000000000000000000000000000000000000000000000000000002000000000000000200000000000000020000000000000000000000000000000000000000000000000000000000000000000000000000000200000000000000000000000000000002000000000000000000000000000000
21,2,23,3,0.913043,3,18,3,0.142857,1,21,15,6,2.47619,0.333333,2,2.428571,3.0,0.757405,2,14,0,3,2,3,0,3,2,3,5,7,00000000000000000000000000000000000000000000000002000000000000000200000000000000000000000000000000000000000000000000000000000000000000000000000000000000000000000200000000000000020000000000000002000000000000000000000000000000020000000000000001000000000000000200000000000000010000000000000002000000000000000200000000000000020000000000000002000000000000000200000000000000020000000000000002000000000000000200000000000000020000000000000000000000000000000200000000000000020000000000000002000000000000000000000000000000020000000000000002000000000000000000000000000000
22,2,24,2,0.916667,2,20,2,0.090909,1,22,13,9,2.818182,0.181818,1,2.454545,1.863636,0.773785,1,15,2,2,0,2,2,2,0,2,7,5,00000000000000000200000000000000010000000000000001000000000000000200000000000000020000000000000002000000000000000200000000000000020000000000000002000000000000000200000000000000020000000000000002000000000000000200000000000000020000000000000002000000000000000200000000000000020000000000000002000000000000000000000000000000020000000000000002000000000000000200000000000000020000000000000000000000000000000000000000000000000000000000000002000000000000000000000000000000000000000000000000000000000000000000000000000000020000000000000000000000000000000000000000000000
23,1,24,1,0.958333,1,22,1,0.043478,1,23,14,9,2.956522,0.043478,1,2.695652,2.869565,0.711372,2,15,3,2,3,0,3,2,3,0,6,6,000000000000000000000000000000000000000000000000020000000000000002000000000000000000000000000000000000000000000002000000000000000200000000000000020000000000000002000000000000000000000000000000000000000000000002000000000000000200000000000000020000000000000002000000000000000200000000000000010000000000000002000000000000000200000000000000020000000000000002000000000000000000000000000000000000000000000002000000000000000200000000000000020000000000000002000000000000000000000000000000000000000000000000000000000000000200000000000000020000000000000002000000000000000200000000000000
21,3,24,5,0.875,5,16,5,0.238095,3,19,15,6,2.47619,0.333333,1,3.190476,3.095238,0.906215,1,14,1,5,1,3,1,5,1,3,6,7,000000000000000000000000000000000000000000000000020000000000000000000000000000000000000000000000000000000000000000000000000000000000000000000000000000000000000001000000000000000200000000000000020000000000000000000000000000000000000000000000000000000000000000000000000000000200000000000000020000000000000002000000000000000200000000000000010000000000000000000000000000000200000000000000020000000000000002000000000000000200000000000000000000000000000002000000000000000200000000000000020000000000000002000000000000000200000000000000000000000000000000000000000000000200000000000000020000000000000002000000000000000200000000000000010000000000000002000000000000000000000000000000
23,1,24,3,0.958333,3,20,3,0.130435,1,23,15,8,2.869565,0.173913,1,2.0,2.173913,0.700292,1,15,1,0,1,2,1,0,1,2,6,5,020000000000000002000000000000000200000000000000020000000000000002000000000000000200000000000000020000000000000001000000000000000200000000000000020000000000000002000000000000000200000000000000020000000000000002000000000000000200000000000000020000000000000002000000000000000200000000000000020000000000000002000000000000000000000000000000000000000000000002000000000000000200000000000000020000000000000000000000000000000000000000000000000000000000000002000000000000000000000000000000
23,1,24,2,0.958333,2,21,2,0.086957,1,23,16,7,2.695652,0.173913,1,2.043478,2.608696,0.856162,1,15,1,5,1,3,1,5,1,3,5,7,00000000000000000000000000000000000000000000000002000000000000000200000000000000020000000000000002000000000000000200000000000000000000000000000002000000000000000100000000000000020000000000000002000000000000000000000000000000020000000000000002000000000000000200000000000000020000000000000002000000000000000200000000000000000000000000000002000000000000000200000000000000020000000000000002000000000000000200000000000000000000000000000000000000000000000200000000000000020000000000000002000000000000000200000000000000000000000000000000000000000000000000000000000000
22,3,25,5,0.88,4,18,5,0.181818,2,21,14,8,2.545455,0.272727,1,2.681818,4.727273,0.90898,2,14,2,3,2,1,1,7,1,5,6,8,000000000000000000000000000000000000000000000000000000000000000000000000000000000000000000000000020000000000000000000000000000000000000000000000000000000000000000000000000000000200000000000000000000000000000001000000000000000200000000000000020000000000000002000000000000000100000000000000020000000000000002000000000000000200000000000000010000000000000002000000000000000200000000000000000000000000000000000000000000000200000000000000020000000000000002000000000000000200000000000000020000000000000002000000000000000000000000000000000000000000000000000000000000000000000000000000020000000000000002000000000000000200000000000000020000000000000000000000000000000000000000000000000000000000000000000000000000000000000000000000020000000000000002000000000000000000000000000000
23,2,25,4,0.92,4,19,4,0.173913,2,22,12,11,2.782609,0.217391,1,2.652174,2.26087,0.716036,1,15,1,3,1,1,1,3,1,1,6,6,000000000000000000000000000000000200000000000000020000000000000000000000000000000000000000000000000000000000000001000000000000000200000000000000020000000000000002000000000000000000000000000000020000000000000002000000000000000200000000000000020000000000000002000000000000000200000000000000020000000000000002000000000000000200000000000000020000000000000002000000000000000000000000000000020000000000000002000000000000000200000000000000020000000000000000000000000000000000000000000000000000000000000002000000000000000200000000000000010000000000000002000000000000000000000000000000
23,2,25,5,0.92,5,18,5,0.217391,1,23,15,8,2.608696,0.304348,1,3.26087,3.652174,0.829282,1,16,2,3,4,3,2,3,4,3,6,7,000000000000000000000000000000000000000000000000000000000000000002000000000000000000000000000000000000000000000000000000000000000000000000000000000000000000000000000000000000000200000000000000020000000000000000000000000000000000000000000000000000000000000000000000000000000200000000000000020000000000000002000000000000000200000000000000000000000000000000000000000000000200000000000000020000000000000002000000000000000200000000000000020000000000000002000000000000000200000000000000020000000000000001000000000000000200000000000000020000000000000001000000000000000000000000000000020000000000000002000000000000000200000000000000020000000000000002000000000000000200000000000000
24,1,25,2,0.96,2,22,2,0.083333,1,24,15,9,2.916667,0.125,1,2.541667,1.916667,0.731922,1,16,3,2,5,2,3,2,5,2,6,5,000000000000000000000000000000000200000000000000000000000000000002000000000000000200000000000000020000000000000002000000000000000200000000000000020000000000000002000000000000000200000000000000020000000000000002000000000000000200000000000000020000000000000002000000000000000200000000000000020000000000000002000000000000000200000000000000020000000000000002000000000000000200000000000000000000000000000002000000000000000200000000000000010000000000000002000000000000000000000000000000
